word	inc	dif	nrd	skt	vis	phy	obj	com	spl	grp	edu	nym	ngc	nbc	mean	mean_mode	mode_mode	min	max	last5	last10	last20	type	gsc	lib_i	x0	x1	x2	x3	x4	x5	x6	x7	x8	x9	x10	x11	x12	x13	x14	x15	x16	x17	x18	x19	x20	x21	x22	x23	x24	x25	x26	x27	x28	x29	x30	x31	x32	x33	x34	x35	x36	x37	x38	x39	x40	x41	x42	x43	x44	x45	x46	x47	x48	x49	x50	x51	x52	x53	x54	x55	x56	x57	x58	x59	x60	x61	x62	x63	x64	x65	x66	x67	x68	x69	x70	x71	x72	x73	x74	x75	x76	x77	x78	x79	x80	x81	x82	x83	x84	x85	x86	x87	x88	x89	x90	x91	x92	x93	x94	x95	x96	x97	x98	x99	x100	x101	x102	x103	x104	x105	x106	x107	x108	x109	x110	x111	x112	x113	x114	x115	x116	x117	x118	x119	x120	x121	x122	x123	x124	x125	x126	x127	x128	x129	x130	x131	x132	x133	x134	x135	x136	x137	x138	x139	x140	x141	x142	x143	x144	x145	x146	x147	x148	x149	x150	x151	x152	x153	x154	x155	x156	x157	x158	x159	x160	x161	x162	x163	x164	x165	x166	x167	x168	x169	x170	x171	x172	x173	x174	x175	x176	x177	x178	x179	x180	x181	x182	x183	x184	x185	x186	x187	x188	x189	x190	x191	x192	x193	x194	x195	x196	x197	x198	x199	x200	x201	x202	x203	x204	x205	x206	x207	x208	x209	x210	x211	x212	x213	x214	x215	x216	x217	x218	x219	x220	x221	x222	x223	x224	x225	x226	x227	x228	x229	x230	x231	x232	x233	x234	x235	x236	x237	x238	x239	x240	x241	x242	x243	x244	x245	x246	x247	x248	x249	x250	x251	x252	x253	x254	x255	x256	x257	x258	x259	x260	x261	x262	x263	x264	x265	x266	x267	x268	x269	x270	x271	x272	x273	x274	x275	x276	x277	x278	x279	x280	x281	x282	x283	x284	x285	x286	x287	x288	x289	x290	x291	x292	x293	x294	x295	x296	x297	x298	x299
hype	1.0	5.0	4.0	6.0	3.0	0.0	1.0	8.0	1.0	0.0	5.0	1.0	901430.0	490065.0	2001.889	2011.9460000000001	2012.0	1624.0	2019.0	130712.0	296420.0	601386.0	NOUN	184000000	12429	-0.76076	0.1126	0.31294	-0.15811	-0.17129	0.31733	0.14567	-0.16510999999999998	0.27849	1.4504	0.098214	-0.40776	0.12262	0.11952	-0.10017000000000001	-0.41558	0.29299000000000003	-0.12130999999999999	-0.12237999999999999	0.19249000000000002	-0.10028	0.018815000000000002	-0.0010770999999999999	0.11297	-0.098143	-0.15581	-0.50825	0.25077	-0.042068	-0.19873	0.16701	-0.15438	-0.47147	0.14335	0.29334	0.39834	0.21741	0.62838	0.10189	0.15875999999999998	-0.16964	-0.16576	-0.33166999999999996	0.18356	-0.029606	-0.014478	0.11695	0.26447	-0.34656	-0.056034	-0.19567	0.05134299999999999	-0.22929000000000002	-0.14937999999999999	-0.048534	-0.061848	0.45863999999999994	-0.22901999999999997	-0.077723	-0.25731	-0.025751999999999997	-0.06118	0.24042	-0.28334000000000004	0.10565999999999999	-0.16977	0.035602999999999996	-0.5595	-0.34574	-0.25961	-0.082475	-0.33158000000000004	0.062739	0.12245999999999999	-0.20859	-0.06829500000000001	0.024586	0.4413	0.03419	0.3803	0.28658	-0.12154000000000001	-0.20371	0.27626	-0.022484999999999998	0.28478000000000003	-0.4629	-0.15314	-0.22612	0.057782000000000014	0.17436	-0.79982	-0.79661	0.4340600000000001	-0.15398	0.06348200000000001	-0.62978	0.080576	-0.26072	0.38952	-0.1743	-0.37789	-0.39594	-0.49208999999999997	0.58826	-1.1017	-0.036558	-0.13057	-0.045137000000000004	-0.026451	-0.062421000000000004	-0.77533	0.3219	0.0027052	-0.074419	0.30835999999999997	-0.6371	-0.25853000000000004	0.20665	-0.044851999999999996	-0.05857200000000001	0.5156	-0.6239899999999999	-0.16953	0.25632	-0.15043	-0.15780999999999998	-0.47658	-0.054955	-0.4013	-0.10329	-0.28418000000000004	0.32643	-0.1375	0.19388	-0.21138	-0.074647	-0.092811	-0.12072999999999999	-0.31488	-2.0396	0.23142	0.29512	-0.014754	0.0015585	-0.70317	0.070329	0.60777	0.36011	-0.086966	0.39516	-0.15835	0.8923200000000001	-0.06036900000000001	-0.28221999999999997	-0.27211	0.049958999999999996	-0.45635	-0.13096	0.23421	-0.06351	0.40972	-0.21447	-0.069119	-0.43043000000000003	0.10469	-0.0069241	0.20831	-0.16769	-0.67782	0.037216	-0.40274	-0.27639	-0.36346999999999996	0.13147999999999999	0.088602	-0.17968	-0.13732	0.13998	0.15350999999999998	0.41723999999999994	-0.19085	0.56265	-0.29896999999999996	0.16953	0.038133	0.19743	0.32643	0.033684	0.39541	1.1312	-0.66699	0.045857	0.72537	0.32159	-0.1485	-0.07209	-0.25489	-0.068098	0.45068	-0.11242	-0.35499	0.11207	-0.10602	-0.46088	-0.067814	0.006653	-0.1054	0.097968	0.059142999999999994	-0.6737	0.12462999999999999	0.2948	0.12924000000000002	-0.16419	-0.083561	0.28267	-0.40701	-0.54701	-0.17302	0.11753	-0.37651	-0.65122	-0.3641	0.10285	-0.34323000000000004	-0.081801	-0.0021952	-0.28397	-0.096572	0.17482	0.31648000000000004	0.13324	-0.52777	-0.23605	-0.20298	0.11867	0.091088	-0.40776	0.25436	-0.038363	-0.33103	-0.41755	0.055920000000000004	-0.021781000000000002	0.050102999999999995	0.31171	0.38025	0.28173000000000004	0.40502	-0.10497999999999999	-0.57587	-0.16959000000000002	-0.37571	-0.16583	-0.42918	-0.07083400000000001	-0.38401	-0.23790999999999998	-0.42557	0.55023	-0.075389	0.14289000000000002	0.46925	0.35449	0.39143	0.58149	-0.18899000000000002	0.7392	0.55166	-0.013746000000000001	0.57924	0.027372000000000004	-0.43758	0.7507199999999999	-0.68908	-0.034987	-0.23379	-0.49778	0.28602	-0.13022	-0.36639	0.1269	0.16492	-0.13071	0.10126	-0.26228	-0.13848	-0.21450999999999998	-0.2426	-0.28622	0.4956100000000001	-0.18066	0.078779	0.38754	-0.072599	-0.32141	0.24983000000000002	0.066164	0.5143399999999999
preliterate	1.0	3.0	5.0	4.0	2.0	3.0	1.5	1.5	3.5	8.5	7.7	1.5	152458.0	79538.0	1985.6629999999998	2011.71	2013.0	1832.0	2019.0	9137.0	22021.0	47485.0	ADJ	478000	657379	-0.54632	-0.52652	0.3103	-0.20986	0.34337	-0.15595	0.094184	0.60938	-0.07732	-1.2686	0.94419	-0.68801	0.017185	0.14753	0.74661	0.09616799999999999	0.095069	-1.6213	0.7759199999999999	-0.10654000000000001	-0.046409	-0.24333000000000002	-0.25629	0.20410999999999999	0.2354300000000001	-0.29191999999999996	0.53469	0.47229	-0.022473	-0.33107	0.39955999999999997	-0.8846799999999999	0.17409000000000002	-0.69991	-0.30691	0.45238999999999996	-0.38016	0.37553000000000003	0.14654	0.59707	0.10117999999999999	-0.081791	-0.84211	-0.050246	0.3221	-0.35075	0.55245	-0.050394	-0.0020202	-0.029219	-0.26519000000000004	-0.11148	-0.71228	-0.010817	0.091905	0.11460999999999999	-0.021813	-0.5582600000000001	0.20395	0.49503	-0.41515	-0.17015	0.19674	0.22739	-0.44806	-0.4498	-0.28614	-0.1782	0.6681	-0.25346	-0.40210999999999997	-0.67688	-0.40557	0.0023993	0.4305	-0.43915	-0.51356	0.40454	-0.22905999999999999	-0.041694999999999996	-0.0061264	-0.026288	-0.5221899999999999	-0.15673	-0.39799999999999996	-0.22175999999999998	0.30696999999999997	-0.52784	-0.28057	0.46168000000000003	-0.26406999999999997	0.079964	-0.16998	0.35594000000000003	-0.42633000000000004	0.6954600000000001	0.41253	0.10257999999999999	0.48826	0.10585	0.58211	-0.16817000000000001	-0.10545999999999996	0.52266	0.00074875	-2.131	-0.1118	-0.41866000000000003	0.21661999999999998	0.38486	0.38436	-0.18687	-0.59411	-0.19896	-0.51454	0.35933000000000004	0.41557	0.5935699999999999	-0.26391	-0.14046	0.21952	-0.46601000000000004	0.094303	0.42541	0.3258	0.5847	0.50395	0.18657	0.19449	-0.37754	0.86374	-0.053546	-0.42631	0.10101	-0.6803899999999999	0.28876	0.51353	-0.53267	-0.57817	-0.28302	0.79425	-0.797	0.12646	0.088025	-0.37709000000000004	-0.44483	0.10832	-0.62305	-0.49796999999999997	0.24245999999999998	-0.48608	-0.37987	-0.54588	0.23178	-0.37781	0.34138	0.54943	0.13255	1.0826	0.27255999999999997	-0.31137	-0.49526000000000003	0.2038	-0.009167	0.49223	0.17521	-0.12082999999999999	0.66989	0.040289	-0.85498	-0.3006	0.28663	0.51844	0.3331	0.074423	-0.33334	-0.38378	-0.93839	-0.14135999999999999	-0.18694000000000002	0.83525	0.11535	0.30489	-0.16639	-0.41493	-0.2111	0.16852	-0.10413	0.081536	-0.21248000000000009	-0.12365999999999999	0.22944	-0.4558100000000001	0.49892	-0.20756999999999998	0.42193	-0.33552	-0.7420899999999999	0.041076999999999995	-0.38095999999999997	0.15957000000000002	0.6864399999999999	-0.019634	0.029229	-0.25037	0.20806	0.060052999999999995	0.17817	0.43465	-0.10912000000000001	0.2965	0.3185	-0.43828	-0.24954	-0.40285	-0.78993	0.7334	-0.13142	0.81913	-0.29447	0.29029	-0.33518000000000003	0.42778	-0.56289	-0.094681	0.44161999999999996	-0.40781	-0.032645	0.19987	-0.9395899999999999	-0.32676	-0.18197	0.4369	0.31526	-0.22805999999999998	-0.25855	0.0029886999999999995	0.63634	0.014534	-0.84203	-0.37484	-0.041201999999999996	1.1016	-0.13683	0.6613899999999999	-0.00055652	-0.44054	-0.80252	0.33344	0.085957	0.18026	-0.35474	-0.54038	0.44614	0.11985	0.06962	0.14767	-0.38065	0.15148	0.25687	-0.31135	-0.052799	-0.33979000000000004	-0.28658	0.18781	0.15320999999999999	-0.30476	0.23506	-0.43868999999999997	0.1706	-0.78728	-0.09031499999999999	-0.28598	0.26099	-0.12846	-0.045406	-0.9417200000000001	0.30693000000000004	-0.32029	-1.0998	-0.67893	-0.064929	-0.6117600000000001	-0.27144	-0.27221999999999996	0.089305	0.20369	-0.55805	0.030435000000000007	0.32015	-0.29866	0.28299	-0.066439	0.41589	0.080188	0.69718	-0.063945	0.50668	-0.071088	0.13222
lucre	1.0	4.0	7.0	6.0	7.5	8.0	9.0	4.0	2.0	3.5	1.5	0.5	471680.0	312649.0	1917.9920000000002	1987.499	2008.0	1505.0	2019.0	23055.0	45116.0	86750.0	ADJ	9090000	166974	0.194	-0.4136	0.8244600000000001	-0.28105	-0.27494	0.14958	-0.073646	0.48729	-0.55035	-0.17321	0.24955	-0.017612	0.06802000000000001	-0.16779000000000002	0.23723	-0.028317	-0.24737	-1.0943	0.4229100000000001	0.57195	-0.08651299999999999	0.070255	-0.35561	0.16689	0.22906	-0.07445399999999999	0.39208	0.32688	0.36484	-0.045679	0.43353	-0.76183	-0.19692	0.20733	-0.19914	-0.25895	-0.33354	-0.22647	-0.5458	0.47748	-0.17448	0.5099	0.3645	-0.56282	-0.035612	0.11501	0.40826	0.1086	0.16267	-0.010511	0.35244000000000003	0.5898800000000001	0.051995000000000006	-0.11476	0.63068	-0.013501	0.10548	0.34897	-0.22305	-0.24846	0.3569	-0.09851	0.095472	-0.52286	-0.061892	0.086595	0.5352600000000001	0.082852	0.31166	-0.20649	0.043811	0.098867	-0.35519	-0.58006	-0.46318	-0.095862	0.30607	0.047138	0.073614	0.15892	-0.10347	-0.027533	-0.018882	-0.25005	-0.56411	0.26047	0.97043	-0.22619	-0.18917	0.57985	0.37396	-0.11616	-0.18637	0.10866	0.11437	0.6081300000000001	-0.59048	-0.16192	-0.28244	0.072314	-0.26669	-0.06943099999999999	-0.27637	0.0077813	0.4833	-1.7004	-0.25874	0.69401	-0.38682	-0.037425	-0.18331	0.056481	0.12168	0.18711	-0.005194399999999999	0.15892	0.33596	-0.7671600000000001	0.51027	0.10192	-0.19208	0.095806	-0.18274	0.7850699999999999	-0.072134	-0.4180100000000001	-0.46007	-0.14652	0.14408	0.18011	0.25943	0.46915	0.39677	-0.22789	0.14046	-0.42892	0.19976	-0.43996	-0.45307	-0.37004	-0.050545	-0.014768	0.065415	-0.003966300000000001	-0.37019	-0.15392999999999998	0.36699	0.41785	0.047606	0.25918	0.5223899999999999	-0.20999	-0.083091	-0.34463	-0.055497000000000005	-0.055336	-0.58557	-0.28085	-0.053886	-0.25729	-0.034481	0.03698	0.23123	0.43	0.4255100000000001	0.092737	0.31963	-0.19198	0.27825	0.10148	-0.31087	-0.5429	0.8546299999999999	-0.13094	0.17613	0.52331	-0.53963	-0.39187	-0.084611	0.27299	0.5768300000000001	-0.44018	0.45497	-0.099611	-0.49142	0.22597	-0.30204000000000003	-0.25205	-0.07637100000000001	-0.31083	0.011784	-0.12815	0.84206	-0.30049000000000003	0.24763	-0.20037	0.37327	0.48721	0.66955	-0.10829	-0.057863	0.26279	0.18507	-0.28004	-0.50761	-0.2924	0.27453	-0.16404000000000002	0.19722	-0.33618000000000003	0.0032681	0.020897	-0.4159100000000001	0.020992	0.098869	-0.44146	-0.20699	-0.19939	-0.024249	0.20518000000000006	-0.26997	-0.0075715	-0.37883	-0.35383000000000003	-0.43957	-0.73869	-0.41222	0.35925	-0.52927	-0.18004	0.17344	-0.11595	-0.48533	-0.28577	0.0055583	-0.28658	0.031352	0.014514	-0.5204	0.00043572	0.30003	-0.081473	-0.33253	0.075751	0.29811	-0.75648	-0.7105600000000001	-0.36077	0.17609	0.41495	-0.17289000000000002	-0.07388600000000001	0.56875	-0.48407	0.13302999999999998	0.37403	0.31203000000000003	-0.51531	0.19349	0.16852	-0.43293	0.24336	0.089433	0.85761	0.56239	0.52393	0.28635	0.0023704	-0.15039	-0.048416	0.097951	-0.33537	-0.282	-0.1876	0.13928	0.15904	0.11011	-0.049628	-0.23224	-0.2769	0.1014	-0.055793	0.38163	0.30451	0.24958	-0.15646	0.34181	-0.16379000000000002	0.11228	0.21887	-0.14645999999999998	-0.2776	-0.13851	0.34472	0.19763	0.17899	-0.065163	0.017374	-0.59813	0.19949
lorry	1.0	10.0	10.0	10.0	10.0	10.0	9.0	9.0	0.3	3.7	1.0	0.1	2202963.0	547691.0	1973.1879999999999	2013.223	2013.0	1505.0	2019.0	191810.0	414216.0	679294.0	NOUN	57500000	54172	0.77098	0.30922	0.22776	0.15723	0.11834	0.29012	-0.31285	-0.66837	0.027688	0.5727	-0.43838	0.42799	-0.051095	0.26702	-0.80771	-0.31686	0.043419	0.038046	0.59067	-0.35484	-0.1393	-0.27831	0.29673	0.71814	0.48737	-0.008178399999999999	0.38072	-0.10274	0.2743	-0.17897000000000002	-0.019391	-0.31339	-0.71265	0.40616	-0.44506	0.25437	0.19129	0.20656	0.11529	0.4562600000000001	0.31959	-0.89425	-0.22756	0.62827	-0.10569	-0.35115	0.049968	-0.37039	-0.087112	0.53227	0.20758	-0.19188	0.50852	0.67918	0.15200999999999998	0.31623	-0.32455	-0.22401	-0.33086	-0.31409000000000004	-0.24893	-0.37414	0.44233	0.18786	0.056557	0.3133	-0.056229	-0.28368000000000004	-0.22668	0.6816	-0.5666399999999999	-0.43052	0.4895	0.24972	-0.065416	-0.57515	0.23673	-0.14424	0.26277	0.14125	0.54338	0.68594	0.40771	0.051672	0.30955	0.11916	0.90697	0.4034	-0.32102	0.079217	-0.33962	0.078908	0.49975	-0.40585	-0.41844	0.15265	-0.046203	0.53451	-0.18783	0.054505999999999985	-0.5321100000000001	-0.19525	0.45634	-0.24816	-0.49646	-1.4276	-0.17923	0.6199899999999999	0.15754	0.06735	-0.30944	-0.64567	0.25545	-0.14906	0.40866	-0.50341	0.10564	0.51125	0.10233	-0.015263999999999996	-0.15654	-0.14889000000000002	0.27658	-0.74552	-0.37609	-0.025199	0.16374	-0.3709	-0.71273	0.42255	0.15639	-0.14093	0.36091	0.35949000000000003	0.028655	-0.42029	0.16883	-0.10584	-0.14094	-0.15385	-1.0231	-0.67661	0.077428	-0.16608	0.066778	-0.12275	-0.51741	-0.47764	0.45123	0.4330600000000001	-0.36417	0.41742	-0.028055	-0.16162	0.31053000000000003	-0.36512	0.18754	0.53942	0.34888	0.054304	-0.44719	-0.030499	-0.08076599999999999	0.63615	0.25808000000000003	0.059032000000000015	-0.093943	0.006249	-0.051599	0.32439	0.034455	-0.026829	-0.56015	-0.22474	0.098732	-0.15123	-0.17075	0.30724	0.50541	0.11246	-0.45479	0.4659	0.059979	0.038676	-0.36967	-0.3109	-0.27371	-0.38687	0.34476	-0.18543	0.062313	0.20633	0.70345	-0.039752	0.15837	-0.50083	0.65627	0.014547	0.10735	-0.68817	-0.11246	0.15402000000000002	0.28309	-0.41026	-0.035626	0.082208	-0.40038	0.30724	0.33284	-0.35481	0.57565	0.00057762	-0.099238	0.8481799999999999	0.74903	-0.39917	-0.62862	0.31909	-0.11185	0.13627	0.44607	0.26806	0.58155	-0.062318	-0.070596	0.16091	-0.23525	0.21596	-0.62217	-0.29772	-0.26796	0.14060999999999998	-0.39694	-0.25426	0.47624	-0.010711	0.41774	0.82095	0.20204	0.18332	0.21194	0.36929	0.037405	-0.37205	-0.31963	-0.05364	0.12528	-0.30238000000000004	0.087765	-0.24894	-0.22981	-0.25369	0.14251	-0.44157	-0.39106	-0.099366	-0.0028586	-0.027166000000000003	-0.24867	-0.12830999999999998	0.11834	0.7017399999999999	0.04574	-0.068231	0.54852	0.22979	0.32796	0.26366	-0.32748	-0.47248	0.70917	0.2009	0.10037	0.073862	0.0035124	0.34199	0.30419	0.39993	0.7500600000000001	0.061966	-0.13658	-0.040738	-0.091124	0.32688	0.4245100000000001	-0.078454	-0.14326	-0.45685	-0.070786	-0.09904	-0.18547	-0.65608	1.1024	-0.55718	0.13825	-0.083208	0.6048	0.13096	-0.032519	-0.082433
averted	1.0	2.0	2.5	3.5	6.0	3.0	2.0	4.5	0.1	4.5	2.0	2.5	3556056.0	1987533.0	1952.931	2013.7779999999998	2014.0	1478.0	2019.0	302736.0	627600.0	1036523.0	VERB	51100000	50358	-0.38454	-0.59044	-0.0945	0.2892	-0.66478	-0.44449	-0.6957899999999999	0.69958	-0.20588	1.5544	-0.059795000000000015	0.06261900000000001	0.37136	-0.031263	-0.047057	-0.080468	0.036461	-0.7190300000000001	-0.23439	0.28442	-0.7911600000000001	-0.091885	-0.13388	-0.093179	-0.023278	-0.38182	0.3155	0.11052	-0.48364	-0.25618	-0.48173	-0.44968	-0.22294	-0.024844	0.010672	0.085162	0.19812	0.37631	0.072661	0.23092	0.5463100000000001	-0.29775	0.11131	0.11601	0.069161	-0.19728	-0.6702100000000001	0.19	0.26563000000000003	-0.3315	0.55467	-0.077021	-0.10653	-0.21585	-0.23624	0.13174	-0.024474	0.28137	0.10782	-0.17734	-0.33802	-0.26981	-0.29074	-0.64095	0.14314000000000002	0.57507	-0.38161	-0.37644	0.15783	-0.0051473	1.1258	-0.027999	-0.29594000000000004	0.31976	0.48159	-0.73297	0.25674	-0.2927	-0.12427	0.47544	-0.15725999999999998	0.20399	-0.19153	0.33509	0.15489	-0.23658	0.6804899999999999	-0.52264	-0.10706	0.35926	0.25486	0.13191	-0.31936	0.43746	-0.79981	-0.090989	0.08897200000000001	-0.020336	0.38421	0.24384	-0.21731	0.4871	-0.45866	0.060616	-0.079137	-1.4703	-0.4224100000000001	0.23745	-0.64766	-0.040505	-0.5548	0.098947	-0.19689	0.30141	-0.49852	0.020772	-0.090879	0.34543	-0.16169	-0.21265	-0.28168000000000004	-0.21656	0.17234000000000002	-0.085324	-0.76435	0.048363	0.18655	-0.030377	-0.43042	-0.11830999999999997	-0.0047394	-0.14752	0.12391	0.33665	0.087973	0.15147	-0.11788	-0.5289699999999999	-0.52063	0.22329	-0.010557	0.31153000000000003	0.10038	0.26361	0.22837	0.22235	-0.60036	0.11963	0.043302	0.60543	-0.29792	0.034219	-0.010461	0.16137	0.51623	-0.30065	0.058052	0.18221	0.38316	-0.066875	-0.09365	-0.0069145	0.10057	0.090235	-0.13881	-0.10428	-0.06314700000000001	0.10899	-0.6925	0.23189	-0.11133	0.2136	-0.12667	0.0067787	-0.13049000000000002	-0.34151	-0.10981	-0.13838	-0.051129	-0.50983	-0.43381	-0.4237800000000001	-0.20129	0.017405	-0.25353000000000003	-0.44385	0.3292	-0.28062	-0.07384600000000001	0.27794	-0.082023	-0.053087	-0.15688	0.14964	-0.49162	-0.65184	-0.30517	-0.05077	0.14474	0.24923	-0.024131	0.007013800000000001	-0.36646	0.023066	-0.40531	-0.30419	-0.07114	0.001374	0.25077	0.016978999999999998	0.40357	-0.39993	-0.099166	0.21859	0.019192	-0.20389	-0.39921	-0.055629	0.17261	-0.12095999999999997	-0.068424	-0.13712	-0.303	0.026127	-0.32132	-0.51347	-0.09985	-0.026751	-0.066599	-0.28532	0.7601	0.29924	0.50632	-0.24394	-0.082247	0.2195	0.0046801	-0.16055	-0.035054	-1.0332	0.11427	-0.1733	0.21822	-0.029151	-0.35799000000000003	0.18491	0.27418000000000003	0.2756	0.6229600000000001	-0.17338	-0.29294000000000003	-0.12506	0.1548	0.38266	-0.39838	-0.46095	-0.4126	0.34517	-0.05793300000000001	0.51788	-0.2395	0.42625	-0.0075337	0.20552	-0.09198	-0.015948	0.1959	0.26744	-0.90454	-0.12095999999999997	0.37963	0.24579	0.01395	-0.035599	-0.13742	0.40795	0.36932	0.34713	0.035001	0.14845	0.20146	-0.24917	0.19408	-0.13574	0.51986	0.23021	0.025067	0.43191	-0.392	0.065885	-0.082928	0.27771	0.29961	0.24958	0.14259000000000002	0.17198	-0.026914	-0.094031	-0.0062381	-0.027852
flyout	1.0	3.8	5.0	7.5	6.7	7.0	4.5	0.6	5.0	3.0	2.0	2.0	64609.0	7585.0	2006.515	2010.231	2010.0	1715.0	2019.0	6845.0	28719.0	53168.0	NOUN	15400000	188287	0.4324	-0.6630199999999999	0.29746	0.64913	0.405	0.092477	0.96337	0.35763	-0.054685	-0.77405	-0.052721	0.10361	-0.068151	0.20843000000000006	0.42398	-0.1636	0.6310899999999999	-0.022949	0.32294	-0.34965	-0.40859	0.092682	-0.032402	0.0094711	0.52884	0.059322	0.47606	0.7167399999999999	-0.12827	-0.8072600000000001	0.29602	-0.65062	0.29685	-0.065948	0.40705	-0.77525	-0.27781	-0.50348	-0.79271	0.080515	-0.71586	-0.34635	-0.53838	0.43985	0.60835	-0.23874	-0.4243	0.39276	0.40448	0.0022102	-0.0017565	0.55542	0.26371	0.72283	-0.22262	-0.35578000000000004	0.07397100000000001	-0.42965	-0.23315	-1.2859	-0.24715	0.60821	0.38431	0.71601	0.5249699999999999	-0.18586	-0.40275	0.23761	0.008572100000000001	-0.3384	0.54151	0.22961	-0.1041	-0.32577	0.33642	-0.98384	-0.28684	-0.3975	0.094052	-0.78332	-0.20115	0.33118000000000003	0.047386000000000005	-0.72063	0.07395800000000001	0.74266	0.33452	-0.19287	-0.041746	0.068797	0.7532800000000001	0.36443	0.15255	-0.18148	-0.35155	0.37638	0.34616	0.97415	0.37966	0.22208000000000006	-0.20495	0.12596	-0.91001	-0.048549	-0.15492	-1.1203	0.23522	1.0205	0.66409	-0.45784	-0.33316	0.13471	-0.19947	0.12555	0.30316	1.0238	-0.11567	-0.010987	-0.24268	0.38924	-0.58599	0.55302	0.24486	0.6322399999999999	0.36581	-0.30341	-0.24775	-0.96849	0.20629	-0.033683	-0.086823	0.49953	-0.010788	0.24538	0.65791	-0.6732899999999999	0.8547799999999999	-0.18489	0.15512	-0.6685399999999999	-0.56734	0.81284	-0.7809999999999999	0.47907	0.15309	0.48331	0.33656	-0.024008	-0.60697	0.04504	-0.28002	-0.74674	0.29736	0.2342	0.086448	0.32685	-0.12221	0.7086600000000001	-0.10519	-0.035956	0.010417	-0.35903	-0.010047	-0.55093	0.31132	0.063498	-0.068314	0.36372	-0.10027	0.24341	-0.23401	0.4879	-0.5906600000000001	0.23978	0.83683	0.484	-0.16434	-0.64248	-0.16810999999999998	-0.4108100000000001	0.17003	-0.55678	-0.31297	-0.014649	0.006887899999999999	-0.70358	0.62527	-0.44954	-0.36106	-0.22311	-0.035019	0.71963	0.27363000000000004	-0.77745	0.6417	0.2037	-0.19222	0.79796	0.3759	0.37491	-0.56008	0.048235	-0.56555	0.05922	-0.10096	0.097244	-0.24231	0.21309	-0.067862	-0.42575	0.00048453	0.17151	0.06325900000000001	0.15925999999999998	-0.22229	-0.52503	0.52536	0.15794	-0.33721	0.16882	0.24802	0.11057	0.62959	0.13348	0.50021	-0.20484	-0.48082	-0.71405	-0.36877	0.33397	-0.27691	0.30267	0.61682	0.39721	0.45023	-0.15006	-0.015743	0.42927	0.39377	-0.11465999999999997	0.36326	-0.15879	0.10893	0.36162	0.5534899999999999	-0.33975	-0.67532	0.78923	0.053604	0.11038	-0.18552	-0.077599	0.025688	0.6833199999999999	0.54315	-0.50213	0.008562899999999998	0.29619	-0.021948	-0.19657	0.2082	-0.3147	1.0228	-0.43681	0.7198	-0.056537	0.49299	-0.12279	0.37602	0.1855	-0.33756	-0.7785	0.98949	0.053051	-0.046099	-0.7094699999999999	0.35095	-0.34036	0.74122	-0.24067	0.13395	0.20014	-0.16688	-0.08089400000000001	0.50264	0.15184	-0.72005	0.16637000000000002	0.15369000000000002	0.13287000000000002	0.8154100000000001	0.8893700000000001	0.32867	0.16211	0.14778	-0.64627	0.43675	0.36351	0.38752	0.0094784
wolffish	1.0	5.0	6.0	6.5	7.0	8.5	9.0	2.0	5.0	2.5	4.0	0.2	23082.0	6881.0	1983.636	2000.348	2002.0	1783.0	2019.0	769.0	2559.0	6492.0	NOUN	1430000	1187757	-0.11321	-0.98696	-0.037598	-0.31917	0.34628000000000003	0.57693	0.30675	-0.098445	-0.47485	-1.1952	0.65804	0.03867	-0.1253	0.21922	0.48236	0.76515	0.81671	-1.1177	1.1529	0.6359100000000001	-0.11449	-0.27593	0.72042	-0.3948	-0.5111399999999999	-0.075258	-0.52875	-0.45636	-0.41088	-0.11428	0.42554	-0.026810000000000004	-0.1803	-0.45028	-0.59312	0.19586	-0.40956	-0.58212	-0.28095	0.71609	-0.20781	-0.59004	-0.4801	0.27202	0.060446000000000014	0.4306100000000001	-0.16273	0.079529	-0.21488	0.45645	-0.024389	0.5181399999999999	0.34762	0.29326	-0.35561	-0.92498	-0.0058494	0.43362	0.006452500000000001	0.47627	0.71953	-0.23027	-0.36635	-0.41025	-0.27065	-0.061876	-0.044578	0.35371	-0.40306	0.42116	0.37458	0.22346	0.19027	-0.52431	-0.66565	-0.4210600000000001	-0.58486	0.2145	-0.073086	-1.1496	0.77491	-0.10541	0.70489	-0.11999	0.18586	-0.63807	0.81548	0.21249	-0.32691	-0.31549	-0.6994600000000001	-0.21904	0.27656	-0.19469	-0.53004	0.2005	-0.088835	0.039346	-0.1669	0.5482199999999999	-0.12456	0.16305	0.28427	0.32107	-1.1322	-1.0291	0.19704	-0.30981	-0.053607	-0.081388	0.47922	0.2073	-0.46147	-0.28044	0.28266	0.19557	0.8212799999999999	-0.20014	-0.21369	-0.6296	-0.17753	0.81166	0.10421	0.38714	-0.095354	-0.27102	0.3254	0.33221	-0.46499	0.41279	-0.46919	-0.5442	-0.6653399999999999	0.5430699999999999	0.14077	-0.17404	-0.11008	-0.97811	-0.067374	-0.11384	0.38784	-0.23249	0.21692	0.35426	-0.20664	1.0367	0.31928	0.6281899999999999	0.2292	1.0794	-0.16752999999999998	-0.017909	-0.19993	-0.26463000000000003	0.52364	0.8135899999999999	-0.016269	0.35696	0.52162	0.38103	0.18394	-0.1724	-0.96678	-0.59902	0.56277	0.8416600000000001	-0.6913100000000001	-0.27055	0.32696	-0.62212	-0.62407	-0.17299	0.91971	0.1485	0.42261	-0.27672	-0.23213000000000006	-0.37781	-0.51395	0.025788	-0.7143	-0.14547000000000002	-0.13174	0.2315	0.28239000000000003	0.1015	0.1842	0.20646	-0.61935	-0.6933600000000001	0.41818	0.7219800000000001	-0.42973	-0.33904	0.45405	-0.4139600000000001	0.5586399999999999	0.56281	0.86954	-0.62568	-0.67656	0.47965	0.58301	0.4567100000000001	-0.15415	-0.20987	0.057899	0.99874	-0.018538	0.065334	0.048556	0.20911	-0.020003	-0.36986	-0.14628	-0.37703	-0.44942	-0.1635	0.95174	-0.42108	0.46383	-0.36287	-0.14035999999999998	-1.2029	-0.88692	-0.16455999999999998	0.13622	-0.5200899999999999	-0.53818	-0.39414	0.77503	-0.14582	-0.53112	0.6815899999999999	0.76159	-0.70618	-0.34196	-0.13934000000000002	0.17594	-0.018365	0.43076	0.07701000000000001	0.027131	-0.29945	0.60916	-0.33794	0.5342899999999999	-0.17744	0.76945	0.0023634	-0.40198	-0.42316	0.035697	-0.16097	0.16923	-1.032	-0.0038953	0.35673	0.35729	0.3267	0.07716	0.22257	-1.0043	0.18837	0.49507	0.21663	0.58678	-0.23282	-0.089339	-0.38625	-0.29451	-0.18342	0.3325	0.3558	-0.11751	-0.36674	0.098993	-0.11573	0.0446	-1.3715	0.35474	-0.18173	0.59441	-0.4212	-0.23481	0.21299	-0.8345600000000001	-0.489	0.5937899999999999	-0.076677	-0.34067	-0.16791	-0.7962199999999999	-0.25979	-0.10389	0.30834	0.39502	-0.18689	-0.26362	-0.55625
Bangladeshi	1.0	3.0	7.5	6.5	6.0	8.0	7.0	3.0	2.3	3.4	3.3	0.0	487533.0	124827.0	2003.733	2015.895	2016.0	1890.0	2019.0	79045.0	160536.0	335345.0	NOUN	688000000	206752	-0.11342999999999999	0.022094	0.017381	0.3197	0.27648	0.23324	0.28192	-0.41596000000000005	-0.36966	-0.84991	-0.29153	0.60952	-0.52703	-0.35986	-0.24591999999999997	0.42726000000000003	-0.25479	-0.60335	0.42133000000000004	0.62248	-0.13298	-0.45247	0.52168	-0.034175	0.21473000000000003	0.26178	-0.52551	0.34065	-0.056754	0.82378	0.52325	-0.81918	0.12154000000000001	-0.092706	0.34754	0.35963	-0.52005	-0.07665	0.21536999999999998	0.13960999999999998	0.033299	-0.64547	0.26654	-0.5511699999999999	0.020340999999999998	-0.3422	0.77376	-0.011366	0.079925	-0.22082	-0.50213	-0.28334000000000004	-0.17489000000000002	-0.38432	-0.29988000000000004	0.71913	0.6595	-0.25382	-0.14292	0.16096	-0.64713	-0.36064	-0.54402	0.045026	-0.26289	-0.85077	0.23331	0.055695	0.50266	0.039013	-0.18059	0.37468	-0.62488	-0.15875999999999998	0.67899	-0.5946199999999999	-0.06334400000000001	0.062602	1.2441	0.3801	0.67615	-0.23368000000000003	-0.35551	0.41011000000000003	-0.087552	0.20869000000000001	1.0893	0.014556	-0.41095	-0.72995	-0.8042100000000001	0.21645	-0.49683	-0.32197	0.16061	0.67395	-0.026602999999999998	0.53573	-0.19813	0.2085	-0.20840999999999998	-0.13371	0.60807	0.0026566	0.75779	-1.3887	-0.7327100000000001	0.036064	0.035867	-0.49558	-0.51155	0.26636	-0.42233999999999994	-0.53408	0.70635	0.30904	0.43656999999999996	1.1755	-0.051570000000000005	-0.41735	-0.3805	-0.52191	-0.38856	-0.30385	-0.013606	0.32957	0.0081437	0.47428000000000003	-0.12287000000000001	-0.24586999999999998	0.082298	-0.25729	0.20572	0.27623000000000003	-0.19130999999999998	-0.3978	0.34093	0.18509	0.066718	-0.19634000000000001	-0.44173	0.31121	-0.32724000000000003	0.15883	0.092515	-0.42508	0.14622000000000002	0.05678099999999999	-0.52041	0.35209	-0.043218	0.48091000000000006	-0.16912	-0.29397	0.501	0.52242	0.32436	0.68855	0.25947	0.014712000000000001	0.12789	-0.50184	0.39297	0.0402	0.64979	-0.73096	0.61863	-0.48141999999999996	0.06690499999999999	0.051613	-0.18352000000000002	-0.26715	-0.031255	0.010058	-0.28899	-0.063989	-0.21420999999999998	0.41136000000000006	0.28813	0.27223	-0.013856	-0.18727	0.18592999999999998	0.046796	0.12322999999999999	0.56686	-0.55379	-0.5721	0.9198200000000001	-0.36865	-0.11034000000000001	0.040786	0.16007000000000002	-0.37451	0.17379	-0.5806899999999999	0.7278899999999999	0.60321	0.5920000000000001	-0.51376	0.8862200000000001	0.092181	0.46943999999999997	-0.6764600000000001	0.059775	-0.32937	0.13907	0.43623	-0.32198000000000004	0.46065	-0.63341	-0.013394999999999999	-0.3513	-0.26997	-0.10664000000000001	-0.52146	-0.81906	-0.72685	-0.2495	0.18027	-0.23596	-0.14319	0.085134	-0.087215	-0.6440100000000001	0.1027	-0.46152	-0.31551	0.070257	-0.47633000000000003	0.13086	-0.35126999999999997	0.26373	-0.22336999999999999	0.050509	-0.29138000000000003	0.018816	0.27839	-0.058149	0.021357	-0.45325	0.69908	0.19078	-0.6322300000000001	0.72451	0.11404	0.10783	-0.081023	-0.22951999999999997	0.10176	0.30937	0.62797	-0.4696	-0.45414	0.44113	-0.55988	-0.17024	0.21811999999999998	-0.2451	-0.45285	0.23724	0.12646	0.25268	-0.20042000000000001	-0.21650999999999998	0.03742	0.024393	0.4917	-0.73246	0.74564	-0.9218700000000001	0.089463	-0.39921999999999996	0.43571000000000004	0.26871999999999996	0.090556	-0.12408	0.079552	0.49896	0.5616399999999999	0.29561	-0.7108300000000001	-0.38556	0.3353	-0.042768	0.22155999999999998	-0.089919	-0.16032000000000002	0.074226	-0.33433	0.47186000000000006	-0.29308	-0.13355999999999998	-0.1634	0.17099	-0.51502	-0.69118	-0.33847	-0.25563	0.041111
paves	1.0	1.3	2.0	2.5	6.0	8.0	3.5	3.5	1.5	2.5	1.0	1.2	424985.0	351861.0	1973.737	2012.234	2013.0	1517.0	2019.0	44593.0	88575.0	165893.0	VERB	123000000	81932	0.17532999999999999	-0.057401	0.05954299999999999	-0.17371	0.10405	-0.35353	0.0022039	0.13633	0.1555	0.61323	0.38711	-0.1697	-0.47786000000000006	0.43483999999999995	-0.21363000000000001	-0.0032816000000000004	-0.22308000000000003	-0.10107999999999999	0.60749	0.38332	-0.33114	0.23121999999999998	0.28806	-0.094474	0.32582	0.6514300000000001	0.10664000000000001	-0.08858300000000001	-0.44108	-0.15282	0.13185999999999998	0.093015	0.029894999999999998	-0.011323	0.37067	0.033366	0.18355	0.21116	0.75731	0.11834000000000001	0.09663200000000001	-0.030914999999999998	0.57818	0.25718	-0.2503	-0.094417	-0.35546	-0.075682	-0.71026	0.15206	0.30216	0.22218000000000002	0.040402	0.31524	0.24416	-0.047225	0.20922	0.32124	-0.24691	0.026720999999999998	-0.069496	-0.086319	0.12688	-0.11937	0.35975999999999997	-0.25518	-0.21595	-0.046801	-0.25818	-0.44206999999999996	0.18850999999999998	-0.4302	-0.46751000000000004	-0.29357	-0.4922	-0.5592600000000001	0.010539	-0.21636999999999998	0.16785999999999998	0.0049486999999999995	0.6067899999999999	0.11672	0.071079	0.9087799999999999	-0.2816	-0.29467	-0.074849	-0.15769	0.036166000000000004	0.16028	-0.056384000000000004	0.36239	0.22613000000000003	0.19495	-0.37992	0.8282799999999999	0.15954000000000002	-0.17804	-0.17826	0.045105	0.45705	-0.050171	0.13810999999999998	-0.042916	0.38345999999999997	-1.5239	-0.054839	0.34465	-0.21439	0.21358000000000002	0.092563	0.25734	-0.34986	-0.13684000000000002	0.15005	0.34062	0.08660599999999999	0.24906	0.18688	-0.41303999999999996	0.11233	-0.070462	-0.55603	0.35731	-0.29162	-0.05354	0.59678	0.19329000000000002	0.2128	0.046187	-0.73793	-0.096443	0.2211	-0.11905	-0.37501999999999996	0.0033323	0.014183000000000001	-0.11546	-0.10783	0.044219999999999995	0.35577	-0.32735	-0.043571	-0.24452	-0.07437300000000001	-0.33510999999999996	0.16801	0.35478000000000004	0.012582	0.61488	-0.4646	-0.41635	-0.1552	0.15600999999999998	0.19783	-0.47485	-0.028895	-0.20253	-0.024576	-0.20282999999999998	0.14455	-0.13309	-0.32665	0.013000000000000001	-0.037017	0.12344000000000001	0.48383000000000004	-0.21011999999999997	0.043253	0.16047	-0.083674	0.5373899999999999	-0.23763	-0.058917	0.16129000000000002	0.18744	-0.014758000000000002	-0.14857	-0.070988	0.26232	-0.19188	0.18827	-0.30846999999999997	0.016561000000000003	-0.01915	-0.16719	0.50133	-0.32782	-0.45736000000000004	0.47306000000000004	0.087864	-0.35566	0.13895	0.12262999999999999	0.23905	0.12866	-0.73425	0.25831	0.3081	-0.14171	-0.002942	0.26911	-0.067204	0.10386	-0.24702	-0.072673	-0.15715	-0.052162	-0.049326	0.21516	-0.036623	-0.34619	0.0036396	0.0080715	0.15743	-0.10444	-0.12523	-0.19122	0.63625	0.093142	-0.3672	0.11127999999999999	-0.28034000000000003	0.049980000000000004	-0.18387	-0.045572	-0.23233	-0.51879	0.07806	-0.0117	0.018073	0.34225	-0.13856	0.25816999999999996	0.12255	0.022785	-0.0038063000000000003	0.19222999999999998	-0.13409000000000001	0.21613000000000002	0.40756	-0.32051	-0.48777	-0.1222	0.047799	-0.08234	-0.1411	-0.38971	0.17653	-0.08002999999999999	-0.1631	-0.23231	0.0040308	0.051240999999999995	0.0057453999999999995	-0.48007	-0.33995	-0.15949000000000002	-0.35996999999999996	-0.5887100000000001	-0.26571	-0.11653	0.42046999999999995	0.033393	0.19164	-0.38111999999999996	0.32998	-0.11357	0.094556	0.38805	-0.26915	0.071844	0.22768000000000002	0.22683000000000003	-0.06920599999999999	-0.25626	0.073358	0.32242	0.6564800000000001	-0.010402	-0.15362	-0.44955	-0.27759	0.35414	0.50636	0.1862	0.0049915	0.31128	-0.34591	-0.83321	0.077973	-0.17937	0.26336	-0.30480999999999997	0.040243	-0.014782	-0.052933	-0.10965	-0.18194000000000002	0.30655
hydrotherapy	1.0	2.5	3.5	5.5	8.0	9.5	4.0	4.0	2.0	4.0	3.0	0.2	414165.0	153122.0	1957.3	1983.881	2012.0	1501.0	2019.0	21149.0	52107.0	112185.0	NOUN	9850000	78768	0.9769200000000001	0.15968	0.59619	-0.19585	0.27383	-0.68696	-0.15278	-1.0032	-0.32045	0.16923	0.68418	-0.16025	0.13643	-0.15	-0.041767	-0.34275	-0.23738	0.17353	-0.26008000000000003	-0.7376199999999999	-1.0201	0.79038	0.093711	-0.049212	-0.0007957000000000001	0.19254000000000002	0.48738000000000004	0.28015999999999996	-0.14583	0.02301	0.63857	0.012586	-0.044076	-0.36495	0.51848	-0.25951	0.16099000000000002	-0.51775	0.35829	0.17192000000000002	-0.10714000000000001	0.19383	-0.17675	-0.056204	-0.28284000000000004	0.8540200000000001	-0.61961	0.8710399999999999	0.16902999999999999	-0.075164	0.11020999999999999	0.32965	0.5723199999999999	0.5404	-0.16005999999999998	-0.24169000000000002	0.3949	-0.17462	-0.48944	0.75497	-0.004291	-0.28699	0.31708000000000003	-0.19577999999999998	-0.67478	0.54819	-0.08135099999999999	-0.21284	-0.6410899999999999	-0.38447	-0.31698000000000004	0.1212	-0.53363	-1.1532	0.48761000000000004	0.14376	-0.5717800000000001	-0.10670999999999999	-0.50761	-0.32824000000000003	0.48386999999999997	-0.80542	-0.19916	-0.36263	-0.21921	-0.68935	-0.035686	0.61056	-0.64752	-0.05068	0.41765	-0.18442	0.09611900000000001	0.16394	0.012398000000000001	-0.11517999999999999	0.13451	-0.067854	-0.1466	0.19979	-0.15617999999999999	-0.22203	0.27696	-0.52594	0.37618	-2.2878	0.36653	-0.093047	-0.73369	-0.46935	0.077144	-0.32591	0.6206699999999999	-0.27414	0.088374	-0.32964	0.09493	0.56223	0.085978	0.18592999999999998	0.45833999999999997	0.27914	-0.3108	-0.078751	-0.21685	-0.40457	-0.19747	0.32544	0.37066	0.00055387	-0.52268	-0.09317	0.1485	-0.1132	0.22236999999999998	0.23820999999999998	-0.067865	0.15907000000000002	-0.052103	0.25269	0.31723	-0.13765	0.17981	0.022453	0.43473999999999996	0.042835000000000005	0.26775	-0.012242	-0.12004000000000001	-0.6221399999999999	0.23462	0.057852	0.074669	0.67656	-0.35436	0.19338	0.25993	0.12265999999999999	-0.26834	0.25385	0.27396	0.07802100000000001	-0.34017	-0.10718	0.71501	0.18929	0.54073	-0.0306	-0.22265	-0.16215	0.043295	-1.0165	-0.61064	-0.079361	-0.35518	0.13794	-0.57911	0.62432	0.68169	0.18939	-0.5846600000000001	-0.11051	-0.076646	-0.5153300000000001	0.67292	-0.53956	0.3344	0.9579200000000001	-0.57147	0.08456799999999999	-1.0263	0.42353	-0.46362	-0.58933	-0.042408999999999995	0.8332200000000001	-0.080913	-0.26696	0.59515	0.082179	-0.18624000000000002	-0.42722	-0.3206	0.38893	-0.44935	0.24115999999999999	0.26466999999999996	0.44698999999999994	-0.37943000000000005	0.42749	-1.1475	0.39594	0.5162	0.13641	-0.47613999999999995	-0.52288	0.28662	0.31166	0.095801	-0.33379000000000003	0.35794000000000004	0.30613	-0.3052	0.14669000000000001	0.11590999999999999	-0.0056549999999999994	-0.23326999999999998	0.11765	0.10943	0.06794700000000001	0.27612	-0.05654	-0.09886	-0.25055	-0.13373	-0.1943	0.47636000000000006	-0.43305	-0.0020269000000000003	-0.42372	-0.8557299999999999	-0.51971	0.036398	-0.12666	0.1491	0.092322	-0.55491	-0.70309	-0.48499	0.7411800000000001	0.79595	0.084229	0.73035	0.59232	0.16921	0.28662	0.218	-0.23351999999999998	-0.21884	0.19455999999999998	0.31488	-0.76285	0.39443	-0.19462000000000002	0.12521	0.22778	-0.31435	-0.046731	-0.52809	0.57616	-0.47591000000000006	-0.4733	-0.30435	0.46758999999999995	0.046984	0.3368	-0.23	0.18392999999999998	0.40502	-0.0011473	0.16462000000000002	-0.35798	-0.19699	0.9191299999999999	0.18469000000000002	0.7583	-0.2408	-0.5108699999999999	0.45498	0.39937	0.89971	-0.12853	-0.076828	-0.58618	0.016599000000000003	-0.0090009	-0.07734500000000001	0.18285	0.54466	-0.44114
Freesia	1.0	0.5	2.7	1.0	7.5	8.5	8.5	0.4	7.0	3.4	3.0	0.1	78719.0	33927.0	1971.264	2006.372	2013.0	1753.0	2019.0	5261.0	13244.0	24171.0	NOUN	20500000	154228	0.11578	0.9667899999999999	-0.22855	-0.44461999999999996	0.14649	-0.32356999999999997	-0.36341999999999997	0.010574	0.1758	-1.1225	0.51793	-0.46252	-0.39486	0.19091	-0.12339000000000001	-0.72609	-0.72453	-0.6363	0.43367	-0.69123	-0.16039	0.21586999999999998	-0.057651999999999995	0.23471999999999998	-0.58614	0.098107	-0.21846999999999997	-0.014916	0.10463	-0.379	0.36634	0.5331899999999999	0.10685	-0.9581700000000001	-0.57318	-0.13613	0.14893	-0.69714	-0.52247	-0.20976999999999998	-0.27365	0.46091000000000004	0.66564	0.15795	1.0371	1.2512	-0.48896000000000006	-0.25487	0.4677	0.29378000000000004	-0.85509	-0.92958	-0.59464	0.09449400000000001	0.86685	-0.26002	0.6379100000000001	-0.17373	-1.0073	-0.37766	0.12939	0.24981	-0.19361	-0.15142	-0.8703799999999999	0.44615	-0.57093	-0.21685	-0.43918	0.06833099999999999	-0.1332	0.22152	-0.20390999999999998	0.60233	-0.56187	0.13141	-0.19245	0.062569	-0.11592000000000001	-0.38426	0.027126	0.1781	-0.1997	0.5171899999999999	-0.35165	-0.32706	1.1335	0.40664	-0.29489	0.12758	0.48185	-0.32479	1.4253	0.44828	-0.24311	0.096625	0.32574000000000003	0.12317	-0.066794	-0.091252	0.41758	0.22294	-0.10271	0.017813	-0.59138	-1.1317	0.052547	-0.21065	0.50717	0.1576	-0.7903100000000001	0.014466999999999999	-0.42777	-0.18051	-0.42617	1.0709	-0.14389000000000002	0.52454	0.07324800000000001	0.22269	0.69277	0.26868000000000003	-0.21145999999999998	0.3531	-0.14012	0.16852	-0.35181	0.15261	0.22979000000000002	-0.54864	0.14686	-0.88871	-0.69315	0.26548	-0.19102	-0.73073	0.48625	-0.13787	-0.053304	0.7983	-0.041339999999999995	-0.013478	-0.56766	-0.30222	-0.23929	0.7700199999999999	0.087854	0.9351799999999999	0.40736	-0.3232	0.57873	0.67006	0.8337200000000001	0.61439	-0.46298999999999996	0.071608	-0.48755	-0.080796	-0.75825	0.7749199999999999	-0.35774	0.23594	-0.005875399999999999	0.22525	1.0747	-0.56903	-0.13407	-0.26718000000000003	0.33815	0.8859899999999999	-1.1511	0.058899	0.43842	0.16409	0.11685	0.84272	-0.31099	-0.43181	0.1051	-0.64115	-0.43795	0.68529	0.47634	0.07171699999999999	0.031997000000000005	-0.36239	-0.8393799999999999	-0.92956	-0.33831999999999995	-0.35601	-0.35734	-0.044356	0.37141	0.17348	0.053703999999999995	-0.38214000000000004	0.14470999999999998	-0.16207	0.37377	0.42483999999999994	-0.15739	0.34335	-0.037279	-0.11414	0.2732	-0.22557	0.2644	0.32704	0.08779400000000001	-0.056405	-0.23113000000000003	0.69484	0.79808	-0.34219	-0.3005	0.15277000000000002	-0.16186	-0.29366	0.5412	-0.54065	-0.6111300000000001	-0.32525	0.48551000000000005	0.27843	-0.3299	0.10177	0.85935	-0.29196	0.5066	-0.32857	0.26824000000000003	-0.20457999999999998	-0.42058	-0.05361900000000001	-0.7307100000000001	-0.8212	0.13539	-0.11065	0.84299	0.29199	-0.5264	-0.21238	-0.8025399999999999	-0.61521	-0.15711	0.17279	-0.80413	0.4843	1.2116	0.075958	-0.35373000000000004	0.16009	0.16326	0.30124	0.4017	0.25101	0.28999	0.15473	-0.45593	0.06325399999999999	-0.33471999999999996	-0.41398999999999997	0.1606	-0.043572	0.013406	-0.75247	0.6289899999999999	-0.18323	-0.19734000000000002	0.13341	-0.97655	0.08351900000000001	0.14583	0.32805	-0.65335	0.59329	-0.34297	-0.14603	0.43798000000000004	-0.029425	0.4246	-0.62224	0.12259	-0.8094899999999999	-0.031138	0.027867000000000003	0.39718000000000003	-0.066743	-0.014671	-1.2649	0.5292899999999999	0.6592100000000001	0.35625999999999997	-0.84093	-0.5449	0.0039912	-0.15112	-0.66179	0.07270700000000001	-0.05867000000000001
bounces	1.0	6.5	6.0	8.5	9.0	9.5	3.7	8.75	0.5	3.2	6.3	8.3	626594.0	391896.0	1993.545	2012.011	2012.0	1603.0	2019.0	95705.0	208123.0	355219.0	VERB	408000000	35814	-0.27886	0.35004	-0.55357	0.11999000000000001	0.063881	-0.030486000000000003	-0.50149	-0.20279	0.55598	0.96116	0.65269	-0.00091142	-0.013447999999999998	-0.033561	-0.09928200000000001	0.17438	0.57263	-0.26229	0.0051948	-0.41444	-0.39086	0.34218000000000004	-0.24711	-0.13338	0.40886999999999996	0.33705999999999997	-0.24005	0.22	-0.27188	-0.48823	-0.24070999999999998	0.26337	-0.53847	-0.016634	0.36154000000000003	-0.3898	-0.52703	-0.098843	0.46551000000000003	-0.5617300000000001	0.49354	0.21745	-0.39499	-0.009593	-0.056057	0.17301	-0.048951999999999996	-0.1988	-0.90218	0.1099	0.08362699999999999	-0.066079	-0.58281	-0.16887	-0.76285	0.32495999999999997	-0.045517	0.072232	-0.15158	-0.5734600000000001	0.033599000000000004	0.56726	-0.0078155	-0.09360399999999999	0.032686	-0.32339	-0.22105999999999998	0.053305	-0.10519	0.5243399999999999	0.19493	-0.17945	-0.28865999999999997	0.27433	-0.8231200000000001	0.2083	-0.1503	-0.48804	-0.58987	-0.18167	0.29736999999999997	0.078475	-0.17908	0.50983	-0.027948	0.5855	1.3313	0.30028	-0.13262000000000002	0.22978	0.42776000000000003	0.24249	0.16510999999999998	-0.49383999999999995	-0.16742	0.032552	-0.3228	0.19119	0.014328	0.88784	0.38693	-0.060626	-0.20475	-0.41647	0.08959299999999999	-0.77689	-0.08810499999999999	-0.10101	-0.32359	-0.51664	0.42341000000000006	-0.9658399999999999	-0.44911999999999996	-0.36565	0.40029000000000003	-0.23667	-0.23535	0.17406	-0.24011	0.18794	-0.23538	-0.16479000000000002	-0.62871	0.6672	-0.20465999999999998	-0.038245	0.29143	0.23668000000000003	-0.52351	0.21611999999999998	0.44465	0.58102	-0.36946999999999997	0.11017	0.25854	-0.1536	0.034901999999999996	0.25722	-0.57305	0.17275	-1.3115	0.093921	0.36768	0.41348	-0.32466999999999996	0.13416	0.15889	0.028875	0.45666999999999996	0.31861999999999996	0.32914	0.2875	0.18596	-0.16613	0.050647000000000005	-0.10790999999999999	0.24278000000000002	0.56466	0.49086	-0.55456	0.69722	0.18746	0.27131	0.21635	0.070191	0.31296	-0.034964	0.76925	0.13274	0.34761	0.16492	-0.08379400000000001	-0.2315	-0.26671	0.09728300000000001	0.34693	0.5884699999999999	-0.11696	-0.57701	0.16898	0.27107	-0.043519999999999996	0.20368	0.35762	0.36366	-0.15370999999999999	0.29036999999999996	-0.54291	-0.00033554	0.36576	0.23167	-0.61939	0.6669	-0.34679	-0.35223000000000004	0.005021800000000001	-0.19018	0.023629	-0.011420999999999999	0.32234	-0.21891999999999998	-0.029664999999999997	-0.67551	-0.11455	-0.15864	-0.32799999999999996	0.19130999999999998	-0.16367	0.29819	-0.076843	-0.083058	-0.25046	0.06091900000000001	-0.1033	-0.41212	-0.20314000000000002	0.29889	-0.31295	-0.2129	-0.4905	0.11302999999999999	0.5202899999999999	0.40257	-0.6957300000000001	0.40848	-0.08280599999999999	0.27252	-0.68747	0.52737	0.060971000000000004	0.9162600000000001	-0.23317	0.050291	0.5081399999999999	0.11884000000000002	0.30052	-0.27252	0.34643	-0.12888	-0.28203	0.26168	0.24125	-0.31106	0.40363000000000004	-0.33344	-0.5228	-0.10819000000000001	-0.35691999999999996	0.53908	0.52877	0.12064000000000001	-0.48201000000000005	0.26222	-0.082332	0.52244	-0.10447999999999999	0.03263	0.0067782	0.20238	-0.048581	-0.12222999999999999	0.031686	0.21404	-0.38095999999999997	0.29054	0.75821	-0.5161600000000001	-0.067742	0.40313000000000004	-0.12393	-0.23364000000000001	-0.52263	-0.17203	-0.049472	0.12905	0.13589	0.17682	0.19280999999999998	0.29366	-0.1634	-0.39782	-0.11475999999999999	-0.4847	0.42283000000000004	0.11919	-0.05354	-0.12361	0.28342	0.35614	-0.10369	0.11557	0.054009	0.041755	-0.021651	-0.34501	-0.31489	-0.13776	-0.43341999999999997	0.33033	0.019321
nutritionally	1.0	1.5	2.5	2.0	3.5	7.5	0.7	2.0	3.0	6.8	5.5	1.7	700408.0	310922.0	1987.189	2011.952	2012.0	1489.0	2019.0	45266.0	111037.0	222784.0	ADV	8500000	66435	-0.46726999999999996	0.09793400000000001	0.15313	0.26674000000000003	-0.29895	0.6339100000000001	-0.053975999999999996	0.011061	-0.5889	0.13976	0.085048	0.14726	-0.23609000000000002	0.55898	0.33875	-0.32754	-0.49981000000000003	0.30034	0.16554000000000002	0.14978	-0.39321999999999996	0.057244	0.24026	-0.27259	-0.29772	-0.1596	-0.09762699999999999	-0.033201999999999995	0.26779000000000003	-1.4076	-0.65227	-0.15388	0.45069	-0.33157	-0.3098	0.061066999999999996	-0.23251	-0.16208	-0.37618	1.1078	-0.32911	-0.44105	-0.5371	-0.3605	0.042121	-0.023068	-0.48803	0.6414300000000001	0.15614	0.28051	-0.10522000000000001	-0.057649	0.013706	-0.26893	0.58731	-0.066225	0.089318	0.14687999999999998	-0.11473	-0.069647	-0.05198099999999999	-0.22515	0.15585	-0.0043512	0.098115	-0.53864	-0.12959	-0.19252	-0.28763	-0.4433	-0.62193	0.71068	0.6856	-0.67185	0.29688000000000003	0.21076999999999999	0.24309	-0.2705	0.48136999999999996	0.016845	0.19684000000000001	-0.31113	-0.787	0.21713000000000002	-0.15415	-0.64535	0.43251000000000006	0.43161000000000005	-0.35825999999999997	-0.094158	-0.15066	0.81579	-0.10405999999999999	0.36383000000000004	-0.5598	0.32006	0.11897999999999999	-0.48766000000000004	0.54697	0.15855	-0.36704000000000003	0.0073047	-0.12345999999999999	-0.34192	-0.094386	-2.4017	0.41777	-0.1152	0.26688	-0.30539	0.28403	-0.10707	0.27385	0.15395	-0.19136	-0.25735	-0.44866000000000006	0.52889	-0.13746	-0.14412	0.28446	0.41018000000000004	0.051988	0.22019	0.32793	-0.020271	0.68938	-0.2943	0.52366	-0.023212	0.1387	-0.32778	0.42098	0.051666	-0.036406	-0.19655	-0.10496	-0.43368	-0.36324	-0.019175	0.24461	0.36217	-0.51286	0.22694	0.47178000000000003	-0.98535	0.00474	-0.059552999999999995	0.17707	-0.33228	-0.19552	0.30845	-0.087725	0.33754	0.037857999999999996	0.20855	-0.1255	-0.22741999999999998	-0.37776	-0.41552	0.14209000000000002	0.080707	0.48741999999999996	-0.42686999999999997	0.32547	-0.39257	0.072654	-0.67205	0.6439699999999999	-0.5111600000000001	0.61307	-0.45482	0.18563	-0.0031098000000000002	-0.48863	-0.25627	0.071211	0.034477	-0.43433999999999995	0.46757	0.41122	-0.62522	0.27994	0.34501	0.18309	-0.29743	0.30996	-0.0019664	-0.076377	-0.35147	0.27494	-0.32423	0.020163	-0.22050999999999998	-0.22275	0.35684	-0.44093999999999994	0.43813	0.55281	-0.6463	-0.10063	0.23189	0.26189	-0.11259000000000001	-0.80271	0.77385	-0.083585	0.34773000000000004	1.0346	-0.31716	-0.0021054000000000003	0.51941	-0.43656000000000006	-0.14623	0.26908000000000004	-0.32706	0.7661100000000001	0.14428	0.26797	-0.52277	-0.48295	-0.24766999999999997	-0.37799999999999995	-0.026424	0.68811	-0.30301	0.017621	0.090337	-0.27439	0.12845	-0.18327000000000002	-0.65642	0.38219000000000003	0.30374	0.61445	0.41353	0.34836	-0.81647	-0.30471	0.007998	-0.11985	0.10178999999999999	-0.16284	0.43478999999999995	-0.16735999999999998	0.41117	0.32252	0.15304	-0.12162	0.39202	0.060601	0.59429	-0.011009999999999999	0.014953999999999999	0.58929	-0.12445999999999999	-0.19534	0.37628	-0.057985	0.47021	-0.42099	-0.46113999999999994	0.29515	-0.035698	-0.11517999999999999	0.097689	-0.035048	-0.23331999999999997	-0.37711	0.28949	0.10903	0.27238	-0.040755	-0.23611	-0.53842	-0.12009	0.40246	0.18359	-0.11925	0.85987	-0.48258	0.259	0.22496	-0.903	-0.031181999999999998	0.8682700000000001	-0.17793	-0.36380999999999997	-0.00026943	0.10820999999999999	0.7075100000000001	-0.047895	-0.46276000000000006	-0.60611	-0.33455	0.49156000000000005	-0.096428	-0.82224	0.58124	-0.6822
